image,bytes,sha256
images/G0002.nii.gz,76015676,e6e01128d90144bd39436f755d3040bbbbdf2baef12fc69c30476590b0f15e0e
images/G0003.nii.gz,90383517,70127e510495baae263f579851dfbe5e97d141910af88aad64e079ee90d99f04
images/G0006.nii.gz,182937128,e922e918b8dc4863f070baf02d91b82586751b0f3f25f8961deae7b3a9d2e81d
images/G0008.nii.gz,121557068,ac8d98a5228cc6c2be57ed1d0b4754f3b6c3102c5514bd6eed7b7cd24545edb8
images/G0010.nii.gz,136716195,10a3c63e6f408076b6c0c6e58ccefd3d4bf1c05f3972968d1951470d13df1d9b
images/G0012.nii.gz,109351109,7975fa84feafbc50d7dfb0743c563811a4589b3d559cd276d4efdd77a26ea7de
images/G0013.nii.gz,100080865,d462a13d1cd0e43c870b6bbd772a1b3e6964fc493d82349c7d2ff3e024955d24
images/G0017.nii.gz,136603207,129f8537c8c9e6c69d839b306ad3a56a5c8cacbd0501959c25f581e6af12d98f
images/G0119.nii.gz,131169004,6938ca4583ccde288380c0dd2a8fc67e040d1998ee6664cab2af2f79760d82c8
images/G0121.nii.gz,100286893,f9f46784d2d5f60ca1bfc72d0574dbd7a3c7deb234f8deadc9d8579916fdc794
images/G0122.nii.gz,127821690,4e31058f573990f27bc9df766e7f8c56d31d6d3203d00831885307eca57bbf8c
images/G0009.nii.gz,114607202,4701a750f2f298cdf242955a4968e2a4b7bdc1baf8a2cb7b8d0a0e942afec057
images/G0015.nii.gz,147396562,cc487338fcbf947ba74a7ba08a054a26ecbee7e06777562b023de66360784308
images/G0018.nii.gz,125864593,211359d8994260cfe5550c407be484e14742752b54ccd3465c7c9d6b2d2840b6
images/G0019.nii.gz,129624569,c1ae3be64b2c25019a40ea860d397a519cffc4d20102cd63ef184d6e6c3889e6
images/G0020.nii.gz,146029787,f0f9bd6f01b77a1d9249267a7746189d79721b198f3cadbdadb0db54793ac8ef
images/G0021.nii.gz,117680232,4b4c53752873b9e2a62ef59fe43d78cf5ca3e064253e2ef14ddf7e1e1d98cc35
images/G0023.nii.gz,120743045,a5370119b383607f7e4607ffb9408c1b5ae07a6a3ee56422673dbb417126ed58
images/G0024.nii.gz,105880112,7c199570aeb3a59fb2a7c90b1c84c648dded86a3b021333132a98acf607bdb86
images/G0025.nii.gz,140806314,9b21bc198a4d25146327a0bcfb0f326a2c869ca4f0c442bf4b34e5e60acabe3c
images/G0026.nii.gz,151367357,e351762e8e1042820e88233bf387be16c4529a2a09f22365d12f3cc114a216d6
images/G0027.nii.gz,78332502,069794d09773f0075f4e38b21da2e2be7fdc0baf7d6fc95b64bd277841245da4
images/G0028.nii.gz,98536697,99a68ecf9aff19b3f3a4bffb6682b7ce56bfb1b42cec32d4d9c814ade815e605
images/G0030.nii.gz,133375400,1c4984843c95c8fbf99c9e94c1f7512f40993afd959900c8cf6e30a229d7809e
images/G0031.nii.gz,162959580,0f51eab12ae8c78eef6d284eda929f24e8f267154e0d7c3444f9d13ed96d6e00
images/G0037.nii.gz,122774499,7532e82b81c49977d2e1641d124d7c4acaceb81b59b605ed39d504e8c17af338
images/G0039.nii.gz,126370783,20bf3afc01ab185b3d1997222098d4cda6d0a541a36a4702cb6f8cfde30da633
images/G0040.nii.gz,124960603,93c61183e95a850bb38e2cf0718770570c5aa2bcd2ca82d6f97959999c6fd754
images/G0043.nii.gz,190110612,177b1ae90f82d984fd72d69520a6bc7ad9a394e6921c8430f2f16171cb261b72
images/G0044.nii.gz,111272066,c787a4cdeb2c838508a53d74a08a8eb04a9b5f3098e17f7c42c2c908b14592f8
images/G0046.nii.gz,59403010,60aa0d3476241724361a22fda5cb4c864aef1495de844f8ccd60ba1ae7c1ae2c
images/G0048.nii.gz,108831468,97b50203d3c699609a7391296bd76cac7a5d9b551b363d2b79da3f82bc79d0cf
images/G0050.nii.gz,98483157,138a06624673159f2d6acec2b46db0de5e23fa2734c069305b63c524ae8ead7b
images/G0052.nii.gz,103066419,bbfdd12da6375d3e9e46d256410745b3a35d87a46869eec24dd4d7e4f9643572
images/G0053.nii.gz,111697820,efa774fd0b05f6b39b247e55ba0ac99859d98f08cc652cadf397d5baacd0409f
images/G0054.nii.gz,124187804,f1b545bff9f19117fc31906d4e1698a40a39e304f92052b36851caea8701a26d
images/G0057.nii.gz,93106465,14a12d39a258893c003f83014cc5e93c6876b7c3d99e04b2cce66d1e4639a60e
images/G0058.nii.gz,132235508,0271bd584ad64744687047429eaf45e3d80700124aacd051867f305e948b7cea
images/G0059.nii.gz,190792100,ad2064518bd6b574bc7635e269bd0477bbc2da1b6a3abc1c2a3b6b587f3c06f1
images/G0061.nii.gz,127876335,498dcb950132fd8defebcfab34b147e28f006120036ef4c361b43f5c70c7321c
images/G0063.nii.gz,63026487,cfdbd302395990dc827e231e093b7676375d6e2f6758a5a693607eda223307b9
